{"cameraMode":{"drawMode":0,"name":"Shaded","section":"Shading Mode"},"sceneLighting":true,"audioPlay":false,"sceneViewState":{"showFog":true,"showMaterialUpdate":false,"showSkybox":true,"showFlares":true,"showImageEffects":true,"showParticleSystems":true},"in2DMode":false,"pivot":{"x":-34.770111083984378,"y":5.910906791687012,"z":18.903108596801759},"rotation":{"x":0.06085273250937462,"y":0.9030789732933044,"z":-0.13648709654808045,"w":0.4026382267475128},"size":2.1358118057250978,"orthographic":false}